"post-title","date","existing-tags","weeknotes","newsletter","community-calls","advisory-committee","champions","clubs","live-reviews","open-reviewers","design-sprints","localization","product-updates","team","annual-reports","strategic-plan","funding","events","partnerships","outbreak-science","perspectives"
"An interview with PREreview Champion Shitondo Yahila","2026-09-10","prereview-champion, community",,,,,1,,,,,,,,,,,,,,
"PREreview platform news, 4 September 2026","2026-09-04","helpful, product",1,,,,,,,,,,,,,,,,,,
"PREreview platform news, 28 August 2026","2026-08-28","helpful, product",1,,,,,,,,,,,,,,,,,,
"An interview with PREreview Champion Mabel Omoniwa","2026-08-26","community, prereview-champion",,,,,1,,,,,,,,,,,,,,
"PREreview August 2026 Newsletter","2026-08-21","Newsletter, community",,1,,,,,,,,,,,,,,,,,
"Register for PREreview's Review-a-thon","2026-07-21","community, Peer Review Week, Review-a-thon",,,,,,,,,,,,,,,,1,,,
"PREreview platform news, 17 July 2026","2026-07-17","product, helpful",1,,,,,,,,,,,,,,,,,,
"PREreview platform news, 10 July 2026","2026-07-10","product, helpful",1,,,,,,,,,,,,,,,,,,
"PREreview platform news, 26 June 2026","2026-06-26","product, helpful",1,,,,,,,,,,,,,,,,,,
"An interview with PREreview Champion Xiuqi “Jade” Li","2026-06-18","prereview-champion, community",,,,,1,,,,,,,,,,,,,,
"PREreview platform news, 12 June 2026","2026-06-12","helpful, product",1,,,,,,,,,,,,,,,,,,
"PREreview June 2026 Newsletter","2026-06-10","Newsletter, community",,1,,,,,,,,,,,,,,,,,
"PREreview platform news, 29 May 2026","2026-05-29","helpful, product",1,,,,,,,,,,,,,,,,,,
"An interview with PREreview Champion Akuma Ifeanyichukwu","2026-05-28","community, prereview-champion",,,,,1,,,,,,,,,,,,,,
"PREreview platform news, 22 May 2026","2026-05-22","helpful, product",1,,,,,,,,,,,,,,,,,,
"Join our next localization and translation info session","2026-05-21","collaborative, arabic, french",,,,,,,,,,1,,,,,,,,,
"PREreview platform news, 15 May 2026","2026-05-15","helpful, product",1,,,,,,,,,,,,,,,,,,
"Next design sprints: Making PREreview more useful for educational settings","2026-05-04","",,,,,,,,,1,,,,,,,,,,
"An interview with PREreview Champion Carlos Herold Junior","2026-04-30","community, prereview-champion",,,,,1,,,,,,,,,,,,,,
"PREreview platform news, 17 April 2026","2026-04-17","helpful, product",1,,,,,,,,,,,,,,,,,,
"An interview with PREreview Champion Alan Colin-Arce","2026-04-15","prereview-champion, community",,,,,1,,,,,,,,,,,,,,
"PREreview April 2026 Newsletter","2026-04-09","",,1,,,,,,,,,,,,,,,,,
"2026 Q1 PREreview Advisory Committee Meeting Minutes","2026-03-31","",,,,1,,,,,,,,,,,,,,,
"PREreview platform news, 27 March 2026","2026-03-27","helpful, product",1,,,,,,,,,,,,,,,,,,
"Strategic Plan Community Call: What we learned","2026-03-12","",,,1,,,,,,,,,,,1,,,,,
"PREreview platform news, 6 March 2026","2026-03-06","helpful, product",1,,,,,,,,,,,,,,,,,,
"Engaging communities with preprint review","2026-03-05","PREreview clubs, community",,,,,,1,,,,,,,,,,,,,1
"Announcing our 2026 PREreview Champions!","2026-02-26","prereview-champion, community",,,,,1,,,,,,,,,,,,,,
"2025 Q4 PREreview Advisory Committee Meeting Minutes","2026-02-25","",,,,1,,,,,,,,,,,,,,,
"Change is in the air for our Advisory Committee: Welcomes, goodbyes, and deep gratitude to all","2026-02-20","",,,,1,,,,,,,,,,,,,,,
"Peer review in a team: How ASAPbio leverages PREreview to build a community of open preprint reviewers","2026-02-19","community, PREreview clubs",,,,,,1,,,,,,,,,,,1,,1
"PREreview platform news, 13 February 2026","2026-02-13","helpful",1,,,,,,,,,,,,,,,,,,
"Construir revisión abierta en comunidad: una experiencia situada desde el PREreview Club CIbCA (ES/EN)","2026-02-12","community, PREreview clubs",,,,,,1,,,,,,,,,,,,,1
"New year, new connections: PREreview February 2026 Newsletter","2026-02-05","Newsletter",,1,,,,,,,,,,,,,,,,,
"PREreview platform news, 30 January 2026","2026-01-30","helpful, product",1,,,,,,,,,,,,,,,,,,
"Welcome Sol!","2026-01-23","welcoming",,,,,,,,,,,,1,,,,,,,
"PREreview 2026-2029 Strategic Plan","2026-01-20","Newsletter, strategic plan",,,,,,,,,,,,,,1,,,,,
"2025: A year of collective resolve and growing momentum","2026-01-12","annual report",,,,,,,,,,,,,1,,,,,,
"Welcome to our December 2025 PREreview newsletter!","2025-12-15","Newsletter",,1,,,,,,,,,,,,,,,,,
"Welcome Pía!","2025-12-12","welcoming, people",,,,,,,,,,,,1,,,,,,,
"2026 PREreview Champions - Apply NOW","2025-11-10","prereview-champion",,,,,1,,,,,,,,,,,,,,
"The PREreview Champions Program - 2025 wrap-up","2025-11-10","prereview-champion",,,,,1,,,,,,,,,,,,,,
"PREreview platform news, 31 October 2025","2025-10-31","helpful, inclusive, product, weeknote, welcoming",1,,,,,,,,,,,,,,,,,,
"PREreview platform news, 17 October 2025","2025-10-20","helpful, inclusive, product, weeknote, welcoming",1,,,,,,,,,,,,,,,,,,
"Now you can review datasets on PREreview.org","2025-10-15","community, dataset, peer review, product, structured",,,,,,,,,,,1,,,,,,,,
"PREreview platform news, 10 October 2025","2025-10-10","helpful, inclusive, product, weeknote, welcoming",1,,,,,,,,,,,,,,,,,,
"PREreview platform news, 3 October 2025","2025-10-03","community, helpful, inclusive, weeknote, welcoming",1,,,,,,,,,,,,,,,,,,
"2025 Q3 (Part 2) PREreview Advisory Committee Meeting Minutes","2025-09-29","meeting minutes",,,,1,,,,,,,,,,,,,,,
"PREreview platform news, 26 September 2025","2025-09-26","community, inclusive, helpful, product, weeknote, welcoming",1,,,,,,,,,,,,,,,,,,
"PREreview September 2025 Newsletter","2025-09-23","Newsletter, community",,1,,,,,,,,,,,,,,,,,
"2025 Q3 PREreview Advisory Committee Meeting Minutes","2025-09-23","meeting minutes",,,,1,,,,,,,,,,,,,,,
"From Surviving to Thriving: A Convening to Reclaim and Sustain Open Science Communities","2025-09-15","",,,,,,,,,,,,,,,,1,,,1
"Celebrating PREreview’s first localization and translation milestone","2025-09-09","Brazilian Portuguese, Latin American Spanish, localization, translation",,,,,,,,,,1,,,,,,,,,
"🌼 PREreview July 2025 Newsletter 🌼","2025-07-11","Newsletter",,1,,,,,,,,,,,,,,,,,
"PREreview platform news, 10 July 2025","2025-07-10","collaborative, community, design sprint, helpful, inclusive, preprint, product, weeknote, welcoming",1,,,,,,,,,,,,,,,,,,
"PREreview platform news, 3 July 2025","2025-07-03","helpful, inclusive, product, weeknote, welcoming",1,,,,,,,,,,,,,,,,,,
"PREreview’s community localization and translation campaign is live!","2025-06-18","Brazilian Portuguese, collaborative, helpful, inclusive, Latin American Spanish, localization, translation, welcoming, demo",,,,,,,,,,1,,,,,,,,,
"PREreview platform news, 13 June 2025","2025-06-13","collaborative, community, helpful, inclusive, peer review, preprint, product, weeknote, welcoming",1,,,,,,,,,,,,,,,,,,
"PREreview platform news, 6 June 2025","2025-06-06","collaborative, community, helpful, inclusive, peer review, preprint, product, weeknote, welcoming",1,,,,,,,,,,,,,,,,,,
"PREreview platform news, 23 May 2025","2025-05-23","collaborative, helpful, inclusive, peer review, preprint, product, weeknote, welcoming",1,,,,,,,,,,,,,,,,,,
"PREreview platform news, 16 May 2025","2025-05-16","helpful, inclusive, peer review, preprint, product, weeknote, welcoming",1,,,,,,,,,,,,,,,,,,
"🌼 PREreview May 2025 Newsletter 🌼","2025-05-15","Newsletter",,1,,,,,,,,,,,,,,,,,
"PREreview platform news, 2 May 2025","2025-05-02","collaborative, community, design sprint, helpful, inclusive, peer review, preprint, product, weeknote, welcoming",1,,,,,,,,,,,,,,,,,,
"Help translate PREreview into BR Portuguese and LA Spanish","2025-04-30","collaborative, community, helpful, inclusive, peer review, preprint, welcoming, translation, localization, Brazilian Portuguese, Latin American Spanish",,,,,,,,,,1,,,,,,,,,
"PREreview platform news, 11 April 2025","2025-04-11","community, helpful, inclusive, peer review, preprint, product, weeknote, welcoming",1,,,,,,,,,,,,,,,,,,
"Announcing our 2025 PREreview Champions! 🎉","2025-04-09","community, prereview-champion",,,,,1,,,,,,,,,,,,,,
"PREreview platform news, 4 April 2025","2025-04-04","helpful, inclusive, peer review, preprint, product, weeknote, welcoming",1,,,,,,,,,,,,,,,,,,
"PREreview platform news, 28 March 2025","2025-03-28","collaborative, community, helpful, inclusive, peer review, preprint, product, weeknote, welcoming",1,,,,,,,,,,,,,,,,,,
"PREreview platform news, 21 March 2025","2025-03-21","collaborative, community, helpful, inclusive, peer review, preprint, product, weeknote, welcoming",1,,,,,,,,,,,,,,,,,,
"PREreview platform news, 14 March 2025","2025-03-14","helpful, inclusive, peer review, preprint, product, weeknote, welcoming",1,,,,,,,,,,,,,,,,,,
"🌳 PREreview March 2025 Newsletter 🌳","2025-03-13","Newsletter",,1,,,,,,,,,,,,,,,,,
"PREreview platform news, 7 March 2025","2025-03-07","community, helpful, inclusive, peer review, preprint, product, weeknote, welcoming",1,,,,,,,,,,,,,,,,,,
"Announcing New Dataset Review Community Design Sprints!","2025-03-06","community, design sprint, helpful, inclusive, PREreview, product, welcoming, dataset, peer review",,,,,,,,,1,,,,,,,,,,
"Live Reviews: Facilitating Collaboration, Inclusion, and Transparency in Peer Review","2025-02-26","community, collaborative, Live Reviews",,,,,,,1,,,,,,,,,,,,
"Equity, Diversity, Inclusion, and Accessibility Are Not Optional—They Are Essential","2025-02-18","",,,,,,,,,,,,,,,,,,,1
"PREreview platform news, 14 February 2025","2025-02-14","collaborative, community, helpful, inclusive, peer review, preprint, product, weeknote, welcoming",1,,,,,,,,,,,,,,,,,,
"2024 Q4 PREreview Advisory Committee Meeting Minutes","2025-02-09","",,,,1,,,,,,,,,,,,,,,
"PREreview platform news, 7 February 2025","2025-02-07","collaborative, community, helpful, inclusive, peer review, preprint, product, weeknote, welcoming",1,,,,,,,,,,,,,,,,,,
"PREreview platform news, 31 January 2025","2025-01-31","collaborative, community, helpful, inclusive, peer review, preprint, PREreview, product, weeknote, welcoming",1,,,,,,,,,,,,,,,,,,
"🎊 PREreview January 2025 Newsletter 🎊","2025-01-21","Newsletter",,1,,,,,,,,,,,,,,,,,
"PREreview platform news, 17 January 2025","2025-01-17","collaborative, community, helpful, inclusive, peer review, preprint, product, weeknote, welcoming",1,,,,,,,,,,,,,,,,,,
"2024: A Year of Expansion and Introspection","2025-01-16","annual report",,,,,,,,,,,,,1,,,,,,
"Announcing the 2025 PREreview Champions Program!","2025-01-13","PREreview, prereview-champion, collaborative",,,,,1,,,,,,,,,,,,,,
"PREreview platform news, 10 January 2025","2025-01-10","collaborative, community, helpful, inclusive, preprint, peer review, product, weeknote, welcoming",1,,,,,,,,,,,,,,,,,,
"PREreview platform news: 2024 end-of-year edition","2024-12-13","helpful, inclusive, welcoming, weeknote, preprint",1,,,,,,,,,,,,,,,,,,
"Welcome Grace!","2024-12-04","welcoming",,,,,,,,,,,,1,,,,,,,
"PREreview platform news, 22 November 2024","2024-11-22","collaborative, helpful, inclusive, peer review, preprint, product, weeknote, welcoming",1,,,,,,,,,,,,,,,,,,
"November 2024 Newsletter","2024-11-21","Newsletter, collaborative",,1,,,,,,,,,,,,,,,,,
"PREreview platform news, 15 November 2024","2024-11-15","helpful, inclusive, peer review, preprint, product, weeknote, welcoming",1,,,,,,,,,,,,,,,,,,
"The PREreview Champions Pilot Program Wrap-Up","2024-11-14","community, prereview-champion",,,,,1,,,,,,,,,,,,,,
"2024 Q3 PREreview Advisory Committee Meeting Minutes","2024-11-14","meeting minutes",,,,1,,,,,,,,,,,,,,,
"Commenting is live on PREreview!","2024-11-12","helpful, inclusive, peer review, preprint, product, welcoming, commenting, feedback, author response",,,,,,,,,,,1,,,,,,,,
"Publish, (PRE)Review, Curate","2024-10-23","community, integrations",,,,,,,,,,,1,,,,,,,,
"PREreview platform news, 23 September 2024","2024-09-20","collaborative, helpful, inclusive, peer review, preprint, product, weeknote, welcoming",1,,,,,,,,,,,,,,,,,,
"PREreview September 2024 Newsletter","2024-09-10","Newsletter, community",,1,,,,,,,,,,,,,,,,,
"2024 Q2 PREreview Advisory Committee Meeting Minutes","2024-09-08","meeting minutes",,,,1,,,,,,,,,,,,,,,
"PREreview platform news, 6 September 2024","2024-09-06","community, helpful, inclusive, preprint, PREreview, product, weeknote, welcoming",1,,,,,,,,,,,,,,,,,,
"From global to local: join our next community design sprint on localization and translation","2024-09-05","community, design sprint",,,,,,,,,1,1,,,,,,,,,
"Community building for a better tomorrow","2024-08-06","",,,,,,,,,,,,,,,,,,,1
"PREreview platform news, 2 August 2024","2024-08-02","community, helpful, inclusive, preprint, product, weeknote, welcoming",1,,,,,,,,,,,,,,,,,,
"PREreview platform news, 26 July 2024","2024-07-26","community, helpful, inclusive, preprint, product, weeknote, welcoming",1,,,,,,,,,,,,,,,,,,
"PREreview platform news, 19 July 2024","2024-07-19","helpful, inclusive, product, weeknote, welcoming",1,,,,,,,,,,,,,,,,,,
"PREreview July 2024 Newsletter","2024-07-15","Newsletter, community",,1,,,,,,,,,,,,,,,,,
"How Collaborative Peer Review Can Transform Scientific Research","2024-07-01","community, prereview-champion, collaborative, Live Reviews",,,,,1,,1,,,,,,,,,,,,1
"PREreview.org in 2024, a 6-month recap","2024-06-28","collaborative, community, helpful, inclusive, peer review, preprint, product, weeknote, welcoming",1,,,,,,,,,,,,,,,,,,
"PREreview platform news, 21 June 2024","2024-06-21","collaborative, community, helpful, inclusive, peer review, preprint, product, weeknote, welcoming",1,,,,,,,,,,,,,,,,,,
"PREreview platform news, 7 June 2024","2024-06-07","collaborative, community, helpful, inclusive, peer review, preprint, product, weeknote, welcoming",1,,,,,,,,,,,,,,,,,,
"Championing Preprints: A Call for Recognition in African Research Settings","2024-06-06","community, prereview-champion",,,,,1,,,,,,,,,,,,,,1
"PREreview welcomes new funding to support our efforts over the next three years","2024-06-04","PREreview, Funding",,,,,,,,,,,,,,,1,,,,
"PREreview platform news, 31 May 2024","2024-05-31","collaborative, community, helpful, inclusive, peer review, preprint, product, weeknote, welcoming",1,,,,,,,,,,,,,,,,,,
"PREreview platform news, 24 May 2024","2024-05-24","collaborative, community, helpful, inclusive, peer review, preprint, product, weeknote, welcoming",1,,,,,,,,,,,,,,,,,,
"Welcome Aurelia and Christopher to the PREreview Advisory Committee!","2024-05-14","",,,,1,,,,,,,,,,,,,,,
"PREreview platform news, 10 May 2024","2024-05-10","collaborative, community, helpful, inclusive, peer review, preprint, product, weeknote, welcoming",1,,,,,,,,,,,,,,,,,,
"PREreview May 2024 Newsletter","2024-05-06","Newsletter",,1,,,,,,,,,,,,,,,,,
"PREreview platform news, 3 May 2024","2024-05-03","collaborative, community, helpful, inclusive, peer review, preprint, product, weeknote, welcoming",1,,,,,,,,,,,,,,,,,,
"Request-a-review now live on PREreview.org","2024-04-30","community, helpful, inclusive, preprint, product, welcoming, request, peer review",,,,,,,,,,,1,,,,,,,,
"PREreview platform news, 26 April 2024","2024-04-26","helpful, inclusive, peer review, product, weeknote, welcoming",1,,,,,,,,,,,,,,,,,,
"PREreview Organizational Membership Model Design Sprints - What We Learned","2024-04-23","community, collaborative, design sprint",,,,,,,,,1,,,,,,,,,,
"PREreview platform news, 19 April 2024","2024-04-19","collaborative, community, helpful, inclusive, preprint, product, weeknote, welcoming",1,,,,,,,,,,,,,,,,,,
"PREreview platform news, 12 April 2024","2024-04-12","collaborative, community, helpful, inclusive, preprint, product, weeknote, welcoming",1,,,,,,,,,,,,,,,,,,
"The Equitable Review Network: Join a design sprint to help us shape our new Organizational Membership Model","2024-04-01","community calls",,,,,,,,,1,,,,,,,,,,
"PREreview platform news, 29 March 2024","2024-03-29","collaborative, community, helpful, inclusive, preprint, product, weeknote, welcoming",1,,,,,,,,,,,,,,,,,,
"2024 Q1 PREreview Advisory Committee Meeting Minutes","2024-03-26","meeting minutes",,,,1,,,,,,,,,,,,,,,
"PREreview platform news, 22 March 2024","2024-03-22","collaborative, community, helpful, inclusive, preprint, product, weeknote, welcoming",1,,,,,,,,,,,,,,,,,,
"Call for Applications: Join PREreview's Advisory Committee and Shape the Future of Open and Equitable Peer Review!","2024-03-20","",,,,1,,,,,,,,,,,,,,,
"PREreview platform news, 15 March 2024","2024-03-15","collaborative, community, helpful, inclusive, preprint, product, weeknote, welcoming",1,,,,,,,,,,,,,,,,,,
"PREreview March 2024 Newsletter","2024-03-13","Newsletter",,1,,,,,,,,,,,,,,,,,
"PREreview platform news, 23 February 2024","2024-02-23","collaborative, community, helpful, inclusive, preprint, product, weeknote, welcoming",1,,,,,,,,,,,,,,,,,,
"PREreview platform news, 16 February 2024","2024-02-16","collaborative, community, helpful, inclusive, preprint, product, weeknote, welcoming",1,,,,,,,,,,,,,,,,,,
"PREreview gives you credit for your public review activity on ORCID","2024-02-13","helpful, preprint, product, welcoming, inclusive, collaborative, community",,,,,,,,,,,1,,,,,,,,
"PREreview platform news, 9 February 2024","2024-02-09","collaborative, community, helpful, inclusive, preprint, product, weeknote, welcoming",1,,,,,,,,,,,,,,,,,,
"Announcing our 2024 PREreview Champions!","2024-02-06","community, prereview-champion",,,,,1,,,,,,,,,,,,,,
"PREreview platform news, 26 January 2024","2024-01-26","collaborative, community, helpful, inclusive, preprint, product, weeknote, welcoming",1,,,,,,,,,,,,,,,,,,
"PREreview platform news, 19 January 2024","2024-01-19","collaborative, community, helpful, inclusive, preprint, product, weeknote, welcoming",1,,,,,,,,,,,,,,,,,,
"PREreview platform news, 12 January 2024","2024-01-12","collaborative, community, helpful, inclusive, product, weeknote, welcoming",1,,,,,,,,,,,,,,,,,,
"PREreview platform news, 5 January 2024","2024-01-05","collaborative, community, helpful, inclusive, product, weeknote, welcoming",1,,,,,,,,,,,,,,,,,,
"PREreview January Newsletter","2024-01-03","Newsletter",,1,,,,,,,,,,,,,,,,,
"2023: A Year of Reflection, Listening, and Rebuilding","2023-12-20","annual report",,,,,,,,,,,,,1,,,,,,
"PREreview platform news, 15 December 2023","2023-12-15","collaborative, helpful, inclusive, product, welcoming, weeknote",1,,,,,,,,,,,,,,,,,,
"PREreview platform news, 8 December 2023","2023-12-08","collaborative, community, helpful, inclusive, preprint, product, weeknote",1,,,,,,,,,,,,,,,,,,
"Request your next PREreview on bioRxiv and SciELO Preprints via the COAR Notify Protocol","2023-12-06","collaborative, community, helpful, inclusive, PREreview, welcoming",,,,,,,,,,,1,,,,,,1,,
"Announcing the PREreview Champions Program!","2023-12-01","community, prereview-champion",,,,,1,,,,,,,,,,,,,,
"Support PREreview this Giving Tuesday!","2023-11-21","",,,,,,,,,,,,,,,1,,,,
"PREreview platform news, 17 November 2023","2023-11-17","collaborative, community, helpful, inclusive, preprint, product, structured, weeknote, welcoming",1,,,,,,,,,,,,,,,,,,
"PREreview platform news, 10 November 2023","2023-11-10","community, helpful, inclusive, product, weeknote, welcoming",1,,,,,,,,,,,,,,,,,,
"PREreview November Newsletter","2023-11-02","Newsletter",,1,,,,,,,,,,,,,,,,,
"Customize your profile on PREreview.org","2023-10-19","",,,,,,,,,,,1,,,,,,,,
"PREreview platform news, 13 October 2023","2023-10-13","helpful, inclusive, preprint, PREreview, product, weeknote, welcoming",1,,,,,,,,,,,,,,,,,,
"PREreview platform news, 6 October 2023","2023-10-06","collaborative, helpful, inclusive, preprint, product, weeknote, welcoming",1,,,,,,,,,,,,,,,,,,
"PREreview platform news, 29 September 2023","2023-09-29","collaborative, community, helpful, inclusive, weeknote, welcoming",1,,,,,,,,,,,,,,,,,,
"PREreview platform news, 22 September 2023","2023-09-22","collaborative, community, helpful, inclusive, preprint, PREreview, product, weeknote, welcoming",1,,,,,,,,,,,,,,,,,,
"PREreview platform news, 15 September 2023","2023-09-15","collaborative, community, helpful, inclusive, preprint, PREreview, product, weeknote, welcoming",1,,,,,,,,,,,,,,,,,,
"Introducing Structured PREreviews on PREreview.org","2023-09-12","collaborative, community, helpful, inclusive, preprint, PREreview, product, welcoming, structured",,,,,,,,,,,1,,,,,,,,
"PREreview platform news, 8 September 2023","2023-09-08","collaborative, community, helpful, inclusive, preprint, PREreview, product, weeknote, welcoming",1,,,,,,,,,,,,,,,,,,
"Newsletter: September","2023-09-06","Newsletter",,1,,,,,,,,,,,,,,,,,
"PREreview platform news, 25 August 2023","2023-08-25","community, collaborative, helpful, inclusive, preprint, PREreview, product, weeknote, PREreview clubs, welcoming",1,,,,,,,,,,,,,,,,,,
"PREreview platform news, 18 August 2023","2023-08-18","helpful, inclusive, preprint, product, weeknote, welcoming",1,,,,,,,,,,,,,,,,,,
"Announcing PREreview Clubs","2023-08-08","PREreview clubs, community, collaborative, preprint, OpenReviewers",,,,,,1,,,,,,,,,,,,,
"PREreview platform news, 4 August 2023","2023-08-04","community, helpful, inclusive, PREreview, product, weeknote, welcoming",1,,,,,,,,,,,,,,,,,,
"PREreview platform news, 28 July 2023","2023-07-28","community, helpful, inclusive, PREreview, product, weeknote, welcoming",1,,,,,,,,,,,,,,,,,,
"PREreview platform news, 21 July 2023","2023-07-21","community, helpful, inclusive, PREreview, product, weeknote, welcoming",1,,,,,,,,,,,,,,,,,,
"PREreview platform news, 14 July 2023","2023-07-14","community, helpful, inclusive, PREreview, product, weeknote, welcoming",1,,,,,,,,,,,,,,,,,,
"Newsletter: July","2023-07-07","Newsletter",,1,,,,,,,,,,,,,,,,,
"PREreview platform news, 30 June 2023","2023-06-30","community, helpful, inclusive, PREreview, product, weeknote, welcoming",1,,,,,,,,,,,,,,,,,,
"Introducing our new PREreview Slack Community: Come join the conversation!","2023-06-28","",,,,,,,,,,,,,,,,,,,
"PREreview platform news, 23 June 2023","2023-06-23","community, helpful, inclusive, PREreview, product, weeknote, welcoming",1,,,,,,,,,,,,,,,,,,
"PREreview platform news, 16 June 2023","2023-06-16","community, helpful, inclusive, PREreview, product, weeknote, welcoming",1,,,,,,,,,,,,,,,,,,
"PREreview platform news, 9 June 2023","2023-06-09","community, helpful, inclusive, PREreview, product, weeknote, welcoming",1,,,,,,,,,,,,,,,,,,
"Check Out Our Brand New Design at PREreview.org","2023-05-31","community, helpful, inclusive, PREreview, welcoming",,,,,,,,,,,1,,,,,,,,
"PREreview platform news, 26 May 2023","2023-05-26","community, helpful, inclusive, PREreview, product, weeknote, welcoming",1,,,,,,,,,,,,,,,,,,
"PREreview platform news, 19 May 2023","2023-05-19","community, helpful, inclusive, PREreview, product, weeknote, welcoming",1,,,,,,,,,,,,,,,,,,
"PREreview and CRNEUR launch a collaborative and community-based review pilot","2023-05-17","",,,,,,,,,,,,,,,,,1,,
"PREreview platform news, 12 May 2023","2023-05-12","community, helpful, inclusive, PREreview, product, weeknote, welcoming",1,,,,,,,,,,,,,,,,,,
"Newsletter: May 2023","2023-05-08","Newsletter",,1,,,,,,,,,,,,,,,,,
"PREreview platform news, 5 May 2023","2023-05-05","community, helpful, inclusive, PREreview, product, weeknote, welcoming",1,,,,,,,,,,,,,,,,,,
"PREreview platform news, 28 April 2023","2023-04-28","community, helpful, inclusive, PREreview, product, weeknote, welcoming",1,,,,,,,,,,,,,,,,,,
"PREreview platform news, 21 April 2023","2023-04-21","community, helpful, inclusive, PREreview, product, weeknote, welcoming",1,,,,,,,,,,,,,,,,,,
"PREreview platform news, 14 April 2023","2023-04-14","community, community calls, helpful, inclusive, PREreview, product, weeknote, welcoming",1,,,,,,,,,,,,,,,,,,
"PREreview platform news, 6 April 2023","2023-04-06","community, community calls, helpful, inclusive, PREreview, product, weeknote, welcoming",1,,,,,,,,,,,,,,,,,,
"Newsletter: March 2023","2023-04-03","Newsletter",,1,,,,,,,,,,,,,,,,,
"PREreview platform news, 31 March 2023","2023-03-31","community, community calls, helpful, inclusive, PREreview, product, weeknote, welcoming",1,,,,,,,,,,,,,,,,,,
"PREreview platform news, 24 March 2023","2023-03-24","community, helpful, inclusive, PREreview, product, weeknote, welcoming",1,,,,,,,,,,,,,,,,,,
"PREreview platform news, 17 March 2023","2023-03-17","community, community calls, helpful, inclusive, PREreview, product, weeknote, welcoming",1,,,,,,,,,,,,,,,,,,
"PREreview platform news, 10 March 2023","2023-03-10","community, community calls, helpful, inclusive, PREreview, product, weeknote, welcoming",1,,,,,,,,,,,,,,,,,,
"PREreview platform news, 3 March 2023","2023-03-03","PREreview, community, community calls, helpful, inclusive, welcoming, product, weeknote",1,,,,,,,,,,,,,,,,,,
"PREreview platform news, 24 February 2023","2023-02-24","barrier-free, community calls, helpful, inclusive, PREreview, product, weeknote, welcoming",1,,,,,,,,,,,,,,,,,,
"PREreview platform news, 17 February 2023","2023-02-17","PREreview, weeknote, community calls, barrier-free, helpful, inclusive, welcoming",1,,,,,,,,,,,,,,,,,,
"Open Peer Reviewers in Africa: A Train-of-Trainer Program pilot recap","2023-02-15","community, OpenReviewers",,,,,,,,1,,,,,,,,,,,
"PREreview platform news, 10 February 2023","2023-02-10","",1,,,,,,,,,,,,,,,,,,
"PREreview platform news, 3 February 2023","2023-02-03","barrier-free, PREreview, product, community, weeknote",1,,,,,,,,,,,,,,,,,,
"Newsletter: January 2023","2023-01-30","Newsletter",,1,,,,,,,,,,,,,,,,,
"Exciting platform news for PREreview in 2023","2023-01-26","barrier-free, PREreview, helpful, welcoming, inclusive",,,,,,,,,,,1,,,,,,,,
"Welcome Vanessa!","2022-11-16","",,,,,,,,,,,,1,,,,,,,
"Welcome Chad!","2022-11-01","",,,,,,,,,,,,1,,,,,,,
"Register for OpenRPrints","2022-02-16","",,,1,,,,,,,,,,,,,1,1,,
"¡Bienvenido Arturo!","2022-02-07","",,,,,,,,,,,,1,,,,,,,
"Beyond manuscript peer review - Announcing Open Grant Reviewers in the making","2021-10-26","",,,,,,,,1,,,,,,,,,,,
"The Open Reviewers Toolkit is now openly available","2021-09-20","",,,,,,,,1,,,,,,,,,,,
"Join us on Peer Review Week 2021","2021-09-14","",,,,,,,,,,,,,,,,1,,,
"Introducing PREreview Communities","2021-08-18","",,,,,,1,,,,,,,,,,,,,
"Best Practices and Innovative Approaches to Peer Review","2021-04-20","",,,,,,,,,,,,,,,,1,1,,
"PREreview Open Reviewers: Reflections on the Pilot Program","2021-03-26","",,,,,,,,1,,,,,,,,,,,
"PREreview Open Reviewers – Meet our Pilot Participants","2021-01-12","",,,,,,,,1,,,,,,,,,,,
"Call to Help Rapidly Review COVID-19 Preprints","2020-09-22","",,,,,,,,,,,,,,,,,,1,
"Join us for the PREreview Open Source Software & Design Sprint","2020-07-23","",,,,,,,,,1,,,,,,,,,,
"Raising Voices Through Preprint Journal Clubs","2020-07-13","",,,,,,,1,,,,,,,,,,,,
"eLife & PREreview Preprint Journal Club Series Launch","2020-06-16","",,,,,,,1,,,,,,,,,,1,,
"PLOS Pathogens & PREreview Live COVID-19 Preprint Journal Club","2020-05-05","",,,,,,,1,,,,,,,,,,1,1,
"PREreview Open Reviewers: Our Open Roadmap 🗺️","2020-04-21","",,,,,,,,1,,,,,,,,,,,
"Live-Streamed Preprint Journal Clubs: We can help!","2020-04-02","",,,,,,,1,,,,,,,,,,,,
"📣 Outbreak Science Rapid PREreview: a CALL TO ACTION","2020-02-21","",,,,,,,,,,,,,,,,,,1,
"An open platform for the rapid review of outbreak-related preprints","2019-12-16","",,,,,,,,,,,1,,,,,,,1,
"🚀 PREreview v2 beta debuts today 🚀","2019-09-20","",,,,,,,,,,,1,,,,,,,,
"PREreview: Help Us Change the ""Who"", ""When"", and ""How"" of Peer Review","2019-07-30","",,,,,,,,,,,,,,,,,,,1
