39	(no tags)
1	Brazilian Portuguese, Latin American Spanish, collaborative, community, helpful, inclusive, localization, peer review, preprint, translation, welcoming
1	Brazilian Portuguese, Latin American Spanish, collaborative, demo, helpful, inclusive, localization, translation, welcoming
1	Brazilian Portuguese, Latin American Spanish, localization, translation
1	Funding, PREreview
1	Live Reviews, collaborative, community
1	Live Reviews, collaborative, community, prereview-champion
15	Newsletter
1	Newsletter, collaborative
5	Newsletter, community
1	Newsletter, strategic plan
1	OpenReviewers, PREreview clubs, collaborative, community, preprint
1	OpenReviewers, community
3	PREreview clubs, community
1	PREreview, PREreview clubs, collaborative, community, helpful, inclusive, preprint, product, weeknote, welcoming
1	PREreview, barrier-free, community calls, helpful, inclusive, product, weeknote, welcoming
1	PREreview, barrier-free, community calls, helpful, inclusive, weeknote, welcoming
1	PREreview, barrier-free, community, product, weeknote
1	PREreview, barrier-free, helpful, inclusive, welcoming
1	PREreview, collaborative, community, helpful, inclusive, peer review, preprint, product, weeknote, welcoming
1	PREreview, collaborative, community, helpful, inclusive, preprint, product, structured, welcoming
3	PREreview, collaborative, community, helpful, inclusive, preprint, product, weeknote, welcoming
1	PREreview, collaborative, community, helpful, inclusive, welcoming
1	PREreview, collaborative, prereview-champion
6	PREreview, community, community calls, helpful, inclusive, product, weeknote, welcoming
1	PREreview, community, dataset, design sprint, helpful, inclusive, peer review, product, welcoming
1	PREreview, community, helpful, inclusive, preprint, product, weeknote, welcoming
15	PREreview, community, helpful, inclusive, product, weeknote, welcoming
1	PREreview, community, helpful, inclusive, welcoming
1	PREreview, helpful, inclusive, preprint, product, weeknote, welcoming
1	Peer Review Week, Review-a-thon, community
3	annual report
1	arabic, collaborative, french
1	author response, commenting, feedback, helpful, inclusive, peer review, preprint, product, welcoming
1	collaborative, community, design sprint
1	collaborative, community, design sprint, helpful, inclusive, peer review, preprint, product, weeknote, welcoming
1	collaborative, community, design sprint, helpful, inclusive, preprint, product, weeknote, welcoming
15	collaborative, community, helpful, inclusive, peer review, preprint, product, weeknote, welcoming
1	collaborative, community, helpful, inclusive, preprint, product, structured, weeknote, welcoming
1	collaborative, community, helpful, inclusive, preprint, product, weeknote
10	collaborative, community, helpful, inclusive, preprint, product, weeknote, welcoming
1	collaborative, community, helpful, inclusive, preprint, product, welcoming
2	collaborative, community, helpful, inclusive, product, weeknote, welcoming
1	collaborative, community, helpful, inclusive, weeknote, welcoming
3	collaborative, helpful, inclusive, peer review, preprint, product, weeknote, welcoming
1	collaborative, helpful, inclusive, preprint, product, weeknote, welcoming
1	collaborative, helpful, inclusive, product, weeknote, welcoming
1	community calls
1	community, dataset, peer review, product, structured
1	community, design sprint
1	community, helpful, inclusive, peer review, preprint, product, request, welcoming
2	community, helpful, inclusive, peer review, preprint, product, weeknote, welcoming
2	community, helpful, inclusive, preprint, product, weeknote, welcoming
2	community, helpful, inclusive, product, weeknote, welcoming
1	community, helpful, inclusive, weeknote, welcoming
1	community, integrations
12	community, prereview-champion
1	helpful
4	helpful, inclusive, peer review, preprint, product, weeknote, welcoming
1	helpful, inclusive, peer review, product, weeknote, welcoming
1	helpful, inclusive, preprint, product, weeknote, welcoming
1	helpful, inclusive, preprint, weeknote, welcoming
5	helpful, inclusive, product, weeknote, welcoming
13	helpful, product
5	meeting minutes
1	people, welcoming
2	prereview-champion
2	welcoming
