3	Brazilian Portuguese
1	Funding
3	Latin American Spanish
2	Live Reviews
22	Newsletter
2	OpenReviewers
38	PREreview
5	PREreview clubs
1	Peer Review Week
1	Review-a-thon
3	annual report
1	arabic
1	author response
4	barrier-free
54	collaborative
1	commenting
102	community
9	community calls
2	dataset
1	demo
5	design sprint
1	feedback
1	french
109	helpful
96	inclusive
1	integrations
3	localization
5	meeting minutes
32	peer review
1	people
56	preprint
15	prereview-champion
101	product
1	request
1	strategic plan
3	structured
3	translation
87	weeknote
98	welcoming
